mood,album,name,artist,popularity,release_date
Happy,,Gallan Goodiyaan,"Farhan Akhtar, Shankar Mahadevan, Yashita Sharma",100,
Happy,,Badtameez Dil,Benny Dayal,99,
Happy,,Balam Pichkari,"Vishal Dadlani, Shalmali Kholgade",98,
Happy,,Ilahi,Arijit Singh,97,
Happy,,Khaabon Ke Parinday,"Mohit Chauhan, Alyssa Mendonsa",96,
Happy,,Senorita,"Farhan Akhtar, Hrithik Roshan, Abhay Deol",95,
Happy,,Sooraj Ki Baahon Mein,"Dominique Cerejo, Clinton Cerejo, Loy Mendonsa",94,
Happy,,Aao Milo Chalo,"Shaan, Ustad Sultan Khan",93,
Happy,,Love You Zindagi,"Amit Trivedi, Jasleen Royal",92,
Happy,,Kar Gayi Chull,"Badshah, Fazilpuria, Sukriti Kakar, Neha Kakkar",91,
Happy,,Cutiepie,"Nakash Aziz, Pardeep Singh Sran",90,
Happy,,Nachde Ne Saare,"Jasleen Kaur Royal, Harshdeep Kaur, Siddharth Mahadevan",89,
Happy,,London Thumakda,"Labh Janjua, Sonu Kakkar, Neha Kakkar",88,
Happy,,Ainvayi Ainvayi,"Salim Merchant, Sunidhi Chauhan",87,
Happy,,Abhi Toh Party Shuru Hui Hai,"Badshah, Aastha",86,
Happy,,Dilliwaali Girlfriend,"Arijit Singh, Sunidhi Chauhan",85,
Happy,,Subah Subah,"Arijit Singh, Prakriti Kakar, Amaal Mallik",84,
Happy,,Sweety Tera Drama,"Dev Negi, Pawni Pandey, Shraddha Pandit",83,
Happy,,Morni Banke,"Guru Randhawa, Neha Kakkar",82,
Happy,,Jiya Re,Neeti Mohan,81,
Happy,,Patakha Guddi,Nooran Sisters,80,
Happy,,Matargashti,Mohit Chauhan,79,
Happy,,Mileya Mileya,"Jigar Saraiya, Rekha Bhardwaj",78,
Happy,,Ullu Ka Pattha,"Arijit Singh, Nikita Gandhi",77,
Happy,,Aaj Ki Party,Mika Singh,76,
Happy,,Happy,Pharrell Williams,75,
Happy,,Uptown Funk,"Mark Ronson, Bruno Mars",74,
Happy,,Can't Stop the Feeling!,Justin Timberlake,73,
Happy,,Levitating,Dua Lipa,72,
Happy,,Don't Start Now,Dua Lipa,71,
Happy,,Watermelon Sugar,Harry Styles,70,
Happy,,Espresso,Sabrina Carpenter,69,
Happy,,Dance The Night,Dua Lipa,68,
Happy,,Good as Hell,Lizzo,67,
Happy,,Treasure,Bruno Mars,66,
Happy,,24K Magic,Bruno Mars,65,
Happy,,On Top of the World,Imagine Dragons,64,
Happy,,Best Day of My Life,American Authors,63,
Happy,,Walking on Sunshine,Katrina and the Waves,62,
Happy,,Shut Up and Dance,WALK THE MOON,61,
Happy,,I Gotta Feeling,The Black Eyed Peas,60,
Happy,,September,"Earth, Wind & Fire",59,
Happy,,Mr. Blue Sky,Electric Light Orchestra,58,
Happy,,Adventure of a Lifetime,Coldplay,57,
Happy,,Sunday Best,Surfaces,56,
Happy,,Good Time,"Owl City, Carly Rae Jepsen",55,
Happy,,Shake It Off,Taylor Swift,54,
Happy,,Firework,Katy Perry,53,
Happy,,Dynamite,BTS,52,
Happy,,Blinding Lights,The Weeknd,51,
Sad,,Channa Mereya,Arijit Singh,100,
Sad,,Agar Tum Saath Ho,"Alka Yagnik, Arijit Singh",99,
Sad,,Hamari Adhuri Kahani,Arijit Singh,98,
Sad,,Tujhe Kitna Chahne Lage,Arijit Singh,97,
Sad,,Bekhayali,Sachet Tandon,96,
Sad,,Phir Bhi Tumko Chaahunga,"Arijit Singh, Shashaa Tirupati",95,
Sad,,Tum Hi Ho,Arijit Singh,94,
Sad,,Bhula Dena,Mustafa Zahid,93,
Sad,,Humdard,Arijit Singh,92,
Sad,,Shayad,Arijit Singh,91,
Sad,,Kaise Hua,Vishal Mishra,90,
Sad,,Main Rahoon Ya Na Rahoon,Armaan Malik,89,
Sad,,Iktara,"Kavita Seth, Amit Trivedi",88,
Sad,,Tadap Tadap,"KK, Dominique",87,
Sad,,Tera Yaar Hoon Main,Arijit Singh,86,
Sad,,Tu Jaane Na,Atif Aslam,85,
Sad,,Kahin Toh Hogi Woh,"Rashid Ali, Vasundhara Das",84,
Sad,,Tune Jo Na Kaha,Mohit Chauhan,83,
Sad,,Alvida,KK,82,
Sad,,Sach Keh Raha Hai Deewana,KK,81,
Sad,,Tere Bin,Atif Aslam,80,
Sad,,Lambi Judai,Richa Sharma,79,
Sad,,Sunn Raha Hai,Ankit Tiwari,78,
Sad,,Jo Bheji Thi Dua,"Nandini Srikar, Arijit Singh, Neeti Mohan",77,
Sad,,O Bedardeya,Arijit Singh,76,
Sad,,Someone Like You,Adele,75,
Sad,,Let Her Go,Passenger,74,
Sad,,The Night We Met,Lord Huron,73,
Sad,,Another Love,Tom Odell,72,
Sad,,Lovely,"Billie Eilish, Khalid",71,
Sad,,When I Was Your Man,Bruno Mars,70,
Sad,,All I Want,Kodaline,69,
Sad,,Before You Go,Lewis Capaldi,68,
Sad,,Someone You Loved,Lewis Capaldi,67,
Sad,,Arcade,Duncan Laurence,66,
Sad,,Say You Won't Let Go,James Arthur,65,
Sad,,Photograph,Ed Sheeran,64,
Sad,,Happier,Ed Sheeran,63,
Sad,,Fix You,Coldplay,62,
Sad,,The Scientist,Coldplay,61,
Sad,,Let Me Down Slowly,Alec Benjamin,60,
Sad,,Dancing With Your Ghost,Sasha Alex Sloan,59,
Sad,,Heather,Conan Gray,58,
Sad,,drivers license,Olivia Rodrigo,57,
Sad,,traitor,Olivia Rodrigo,56,
Sad,,exile,"Taylor Swift, Bon Iver",55,
Sad,,cardigan,Taylor Swift,54,
Sad,,When We Were Young,Adele,53,
Sad,,I Will Always Love You,Whitney Houston,52,
Sad,,Nothing Compares 2 U,Sinéad O'Connor,51,
Calm,,Kabira,"Tochi Raina, Rekha Bhardwaj",100,
Calm,,Shaam,"Nikhil D'Souza, Amit Trivedi",99,
Calm,,Phir Le Aaya Dil,Arijit Singh,98,
Calm,,Tu Bin Bataye,"Madhushree, Naresh Iyer",97,
Calm,,Safarnama,Lucky Ali,96,
Calm,,Kun Faya Kun,"A.R. Rahman, Javed Ali, Mohit Chauhan",95,
Calm,,Arziyan,"Javed Ali, Kailash Kher",94,
Calm,,Manwa Laage,"Shreya Ghoshal, Arijit Singh",93,
Calm,,Hawayein,Arijit Singh,92,
Calm,,Khairiyat,Arijit Singh,91,
Calm,,Samjhawan,"Arijit Singh, Shreya Ghoshal",90,
Calm,,Saibo,"Shreya Ghoshal, Tochi Raina",89,
Calm,,Mera Mann Kehne Laga,Falak Shabir,88,
Calm,,Tum Se Hi,Mohit Chauhan,87,
Calm,,Ajab Si,KK,86,
Calm,,Pee Loon,Mohit Chauhan,85,
Calm,,Aahista,"Arijit Singh, Jonita Gandhi",84,
Calm,,Nazm Nazm,Arko,83,
Calm,,Raabta,Arijit Singh,82,
Calm,,Hasi,Ami Mishra,81,
Calm,,O Maahi,Arijit Singh,80,
Calm,,Ve Kamleya,"Arijit Singh, Asees Kaur",79,
Calm,,Tere Vaaste,"Varun Jain, Arijit Singh",78,
Calm,,Apna Bana Le,Arijit Singh,77,
Calm,,Heeriye,"Jasleen Royal, Arijit Singh",76,
Calm,,Die With A Smile,"Lady Gaga, Bruno Mars",75,
Calm,,BIRDS OF A FEATHER,Billie Eilish,74,
Calm,,Until I Found You,Stephen Sanchez,73,
Calm,,Yellow,Coldplay,72,
Calm,,Sparks,Coldplay,71,
Calm,,Perfect,Ed Sheeran,70,
Calm,,Ocean Eyes,Billie Eilish,69,
Calm,,Sunset Lover,Petit Biscuit,68,
Calm,,Golden Hour,JVKE,67,
Calm,,Glue Song,beabadoobee,66,
Calm,,Sweet,Cigarettes After Sex,65,
Calm,,Apocalypse,Cigarettes After Sex,64,
Calm,,Space Song,Beach House,63,
Calm,,Riptide,Vance Joy,62,
Calm,,Fallingforyou,The 1975,61,
Calm,,I Like Me Better,Lauv,60,
Calm,,Here With Me,d4vd,59,
Calm,,Daylight,David Kushner,58,
Calm,,Home,Edward Sharpe & The Magnetic Zeros,57,
Calm,,Bloom,The Paper Kites,56,
Calm,,Cherry Wine,Hozier,55,
Calm,,The Most Beautiful Thing,Bruno Major,54,
Calm,,Best Part,"Daniel Caesar, H.E.R.",53,
Calm,,Adore You,Harry Styles,52,
Calm,,Until I Found You (Em Beihold Version),"Stephen Sanchez, Em Beihold",51,
Energetic,,Malhari,Vishal Dadlani,100,
Energetic,,Sultan,"Sukhwinder Singh, Shadab Faridi",99,
Energetic,,Brothers Anthem,Ajay-Atul,98,
Energetic,,Dangal,Daler Mehndi,97,
Energetic,,Dhaakad,Raftaar,96,
Energetic,,Kar Har Maidaan Fateh,"Sukhwinder Singh, Shreya Ghoshal",95,
Energetic,,Chak De India,Sukhwinder Singh,94,
Energetic,,Lakshya,Shankar Mahadevan,93,
Energetic,,Sadda Haq,Mohit Chauhan,92,
Energetic,,Apna Time Aayega,Ranveer Singh,91,
Energetic,,Sher Aaya Sher,DIVINE,90,
Energetic,,Asli Hip Hop,Ranveer Singh,89,
Energetic,,Jai Jai Shivshankar,"Vishal Dadlani, Benny Dayal",88,
Energetic,,Jhoome Jo Pathaan,"Arijit Singh, Sukriti Kakar",87,
Energetic,,Sher Khul Gaye,"Vishal Dadlani, Shekhar Ravjiani",86,
Energetic,,Bang Bang,Benny Dayal,85,
Energetic,,Dhoom Again,"Dominique Cerejo, Vishal Dadlani",84,
Energetic,,Jai Ho,"A.R. Rahman, Sukhwinder Singh",83,
Energetic,,Aaj Ki Party,Mika Singh,82,
Energetic,,Bhaag DK Bose,Ram Sampath,81,
Energetic,,Zinda,Siddharth Mahadevan,80,
Energetic,,Zinda (Naam Shabana),Rochak Kohli,79,
Energetic,,Dhoom Machale,Sunidhi Chauhan,78,
Energetic,,Aankh Marey,"Neha Kakkar, Mika Singh",77,
Energetic,,Kala Chashma,"Amar Arshi, Badshah, Neha Kakkar",76,
Energetic,,Believer,Imagine Dragons,75,
Energetic,,Thunder,Imagine Dragons,74,
Energetic,,Warriors,Imagine Dragons,73,
Energetic,,Natural,Imagine Dragons,72,
Energetic,,Whatever It Takes,Imagine Dragons,71,
Energetic,,Enemy,"Imagine Dragons, JID",70,
Energetic,,Centuries,Fall Out Boy,69,
Energetic,,Immortals,Fall Out Boy,68,
Energetic,,Numb,Linkin Park,67,
Energetic,,In the End,Linkin Park,66,
Energetic,,Breaking the Habit,Linkin Park,65,
Energetic,,Given Up,Linkin Park,64,
Energetic,,Seven Nation Army,The White Stripes,63,
Energetic,,DNA.,Kendrick Lamar,62,
Energetic,,HUMBLE.,Kendrick Lamar,61,
Energetic,,Till I Collapse,"Eminem, Nate Dogg",60,
Energetic,,Lose Yourself,Eminem,59,
Energetic,,Remember the Name,Fort Minor,58,
Energetic,,Power,Kanye West,57,
Energetic,,Can't Hold Us,"Macklemore & Ryan Lewis, Ray Dalton",56,
Energetic,,Pump It,The Black Eyed Peas,55,
Energetic,,Don't Stop Me Now,Queen,54,
Energetic,,Eye of the Tiger,Survivor,53,
Energetic,,Stronger,Kanye West,52,
Energetic,,Levels,Avicii,51,
